Name,Age,Salary
Bob,42,117845
Alice,57,119478
Eva,52,103539
Alice,44,77040
Bob,28,69708
Bob,28,55956
Bob,56,41719
Eva,34,106846
Eva,29,119829
Bob,30,109328
Eva,26,83682
Eva,44,110453
Bob,43,88911
Alice,57,102814
Bob,53,83384
Bob,25,97203
Alice,36,92620
Eva,28,107569
Eva,35,44752
Eva,43,52668
David,52,85995
Alice,46,53796
Eva,57,80176
Charlie,60,111959
Eva,31,84321
Charlie,32,62612
David,39,115997
Bob,51,86937
David,49,99938
Charlie,45,76127
Bob,52,55865
Bob,31,87357
Eva,37,104806
Alice,30,58643
Charlie,44,69787
Charlie,41,78519
Bob,47,65429
Eva,56,81636
Alice,28,44146
Eva,34,53127
Bob,52,51941
Alice,27,45420
David,59,64393
Eva,42,85510
Charlie,54,113438
David,38,92503
Eva,44,116456
Bob,55,57030
Charlie,53,75822
Alice,33,100175
Bob,57,79813
Bob,30,93179
David,58,108777
Alice,29,46511
Alice,60,74991
Alice,38,53340
Charlie,43,106007
Bob,31,42001
David,28,82755
Bob,56,87345
David,46,70162
Alice,57,80731
Alice,60,66408
Bob,47,70283
Charlie,41,81191
Eva,54,110714
Bob,30,109456
David,27,44773
Charlie,60,115248
David,29,80060
David,34,89799
Bob,41,68065
David,47,92581
Charlie,59,91728
David,36,85854
Eva,35,92486
Eva,44,78076
Eva,46,62873
Eva,31,94326
Charlie,47,71205
Alice,52,88978
Alice,30,58243
Alice,55,56188
Bob,41,108334
Bob,41,70829
Alice,32,54605
Bob,54,95889
Alice,31,93317
Charlie,48,75019
Bob,34,62470
Charlie,47,88330
David,33,92486
Charlie,37,44598
Bob,45,69560
Charlie,25,52494
Alice,41,64175
David,59,100677
Bob,27,62494
David,55,85975
Bob,30,58177
Bob,26,50105
Alice,32,73045
Charlie,31,115891
Bob,45,64237
Charlie,36,55823
Eva,34,88066
David,37,115398
Bob,43,93043
Alice,53,105136
Charlie,41,44250
David,50,69110
Charlie,44,95967
Charlie,29,76685
Alice,36,116427
Eva,28,99917
Bob,39,102911
David,57,69585
Charlie,60,52353
Bob,37,61788
Eva,41,44474
Alice,46,72758
Charlie,37,70054
David,54,51442
Alice,50,44238
Alice,31,75449
Alice,39,110839
Charlie,25,58161
Bob,25,103242
David,34,70749
Eva,43,106070
Alice,43,117878
Charlie,53,62793
David,45,102913
Alice,36,53454
Bob,27,70030
Bob,25,119491
Eva,47,43125
David,26,73838
Bob,48,109604
Alice,39,83439
David,60,48522
David,54,52049
Eva,56,72672
Alice,28,42968
Charlie,29,113479
David,54,119108
Charlie,45,61387
Charlie,44,81127
Alice,54,79071
Alice,28,81761
David,58,91324
Eva,32,58155
Bob,27,94015
Eva,46,62516
Charlie,26,108353
Alice,42,74230
Bob,45,119262
Bob,28,77431
Charlie,32,114602
Charlie,60,40304
Bob,45,104602
David,28,85961
David,57,43026
Eva,29,70515
David,31,78149
David,34,116746
Charlie,49,102446
David,45,57089
Eva,27,48528
Bob,35,58463
Alice,55,44107
Eva,32,74595
David,55,62948
David,28,56626
Alice,45,43862
Alice,56,68317
Charlie,55,57669
David,55,45120
Charlie,40,118351
Bob,51,111739
Eva,52,113588
Eva,27,44020
Bob,40,88544
Bob,51,49122
Eva,28,45335
Charlie,45,61120
Alice,25,79626
Alice,36,41095
Eva,54,109963
Alice,43,40717
Alice,54,57619
David,59,50617
Alice,36,118290
David,33,77083
Eva,33,104650
Alice,27,57926
David,35,105900
Charlie,30,107915
Eva,45,87492
Charlie,36,96139
Eva,31,80069
Alice,53,40784
Eva,32,41511
Charlie,60,114936
Alice,52,47746
Eva,39,74293
David,37,105464
Bob,50,42054
Eva,40,60577
David,25,85360
David,53,82917
Alice,25,76103
Charlie,40,96536
Eva,41,57591
Charlie,49,69052
Eva,37,56642
Bob,28,75920
Charlie,55,88246
David,41,92680
Bob,55,63763
David,48,44531
Alice,58,118143
Alice,38,76703
Charlie,58,45651
David,51,59654
Charlie,53,86488
Eva,60,46786
Bob,30,107715
Alice,55,44591
Charlie,37,73753
Alice,30,78293
Charlie,38,116834
Bob,49,109079
Eva,26,69219
Bob,57,78472
Alice,32,59537
Charlie,44,91390
Eva,36,114670
Charlie,36,58197
David,48,51890
Charlie,48,85622
Eva,60,41952
Charlie,52,118978
Eva,47,87329
Eva,58,75638
David,44,41325
Eva,59,108803
David,26,46557
Charlie,29,72385
David,55,64965
Charlie,40,55813
Bob,43,108098
Eva,45,69503
Charlie,36,43642
Bob,59,85292
Alice,56,41192
Charlie,40,72186
Bob,41,119729
Bob,25,104955
Alice,27,99961
David,39,80608
Bob,31,95275
Charlie,42,76564
Eva,38,81647
Alice,57,74463
Charlie,27,85628
Eva,35,78566
Alice,28,94777
David,39,44704
Alice,42,96651
Bob,45,82408
Eva,47,41318
Charlie,43,102775
David,29,53720
Bob,52,71990
Eva,48,117232
Eva,49,43697
Bob,35,80893
Eva,51,118144
Alice,48,94185
Bob,33,44798
Bob,25,98567
David,36,60114
David,28,119894
Charlie,29,72273
Alice,57,66613
Charlie,39,98613
David,54,87524
Bob,28,40182
Alice,40,91581
Eva,32,111317
Charlie,49,74970
Bob,54,113535
David,25,104099
Charlie,45,73437
Charlie,56,86793
Bob,34,89922
Charlie,30,41695
Charlie,59,108759
Charlie,55,64468
Eva,55,48905
Eva,52,57154
David,28,70371
Charlie,27,63216
Bob,25,65021
David,48,114143
Eva,57,50389
Charlie,26,109381
Bob,41,93982
Alice,46,51808
Alice,48,82207
Eva,26,74392
Alice,25,107941
David,28,93217
David,30,40182
Alice,60,105632
Eva,60,44533
Charlie,43,94355
Charlie,40,97148
David,32,96173
Charlie,53,105717
Eva,43,114732
Charlie,44,66710
David,30,96810
Alice,26,45852
Bob,31,115574
Eva,53,56189
Bob,50,83150
Alice,32,51836
Alice,44,49250
Alice,42,78336
Charlie,59,83649
Charlie,34,118333
Alice,32,54864
David,32,86350
Alice,55,84778
David,32,88459
Alice,48,110752
Eva,47,85593
Alice,51,67110
Eva,55,58889
Eva,58,74785
Alice,39,65001
Charlie,25,72307
Charlie,51,42198
Alice,38,101452
Charlie,45,54896
David,56,78799
Alice,29,113222
Bob,44,61067
Charlie,54,74301
Bob,29,98353
Charlie,56,97346
Charlie,41,81070
Alice,28,51552
Alice,34,111829
Eva,36,59120
Bob,44,111003
David,57,87011
Charlie,49,97234
Eva,41,48492
Alice,51,104140
David,60,42869
Bob,29,88588
Charlie,28,85566
Bob,27,78681
Bob,44,111012
Charlie,55,74574
David,54,58880
Eva,54,103390
David,46,56396
Eva,58,43491
Charlie,60,92156
David,32,91610
Alice,59,114976
Eva,32,113334
Charlie,58,107113
Eva,42,52274
Bob,38,47965
Bob,49,118556
Alice,58,47669
Alice,50,65980
Alice,49,52275
Eva,53,98677
Charlie,36,86369
Eva,26,83103
David,59,55792
Bob,58,78231
Charlie,45,94052
Bob,59,113965
Alice,48,78245
Eva,50,63809
Eva,55,44026
Eva,49,62194
David,46,73809
Bob,28,79908
Eva,45,90834
Bob,53,100847
David,44,48555
Eva,43,53417
Eva,39,87675
Charlie,56,60013
Alice,46,94304
Charlie,42,60524
David,46,97869
Alice,36,112798
Alice,51,50426
Charlie,35,94622
Eva,34,93748
David,47,56401
Bob,41,117663
Alice,34,46350
David,58,44639
Bob,40,53213
Alice,26,119430
Bob,58,70962
David,50,94666
Bob,47,85467
Alice,47,62042
David,26,71826
Eva,31,45615
David,57,51048
Charlie,42,110574
Eva,54,113261
Charlie,49,57191
Bob,50,46853
Alice,50,98775
David,31,81447
Charlie,48,46235
Charlie,30,119953
Bob,41,114371
Eva,50,113495
Bob,36,71532
Bob,29,52247
Alice,34,79802
David,48,87247
David,40,49528
Eva,42,115862
David,59,59872
David,47,70156
David,56,40793
Charlie,30,82975
Bob,46,55792
Alice,35,84490
Bob,35,82696
Eva,43,117036
Bob,28,98176
Alice,25,117142
Alice,33,58771
Alice,44,83813
David,42,47208
Bob,54,102402
Charlie,51,105759
Alice,45,77357
Charlie,33,72083
David,36,74999
Charlie,42,85611
Alice,37,70451
Charlie,38,50380
Charlie,56,58922
David,31,94348
Alice,28,68607
Alice,35,76951
Bob,37,96482
Eva,35,43176
Alice,37,89232
David,40,55344
Bob,37,86162
Alice,52,116449
Eva,40,64745
Charlie,25,119518
Bob,56,70371
David,26,51756
Charlie,55,117482
David,53,41081
Eva,43,52836
Bob,46,101139
Eva,57,59280
Bob,44,100559
Charlie,45,99452
Bob,47,50061
Bob,29,67159
Bob,43,69599
Alice,28,49853
Charlie,56,62029
David,46,86624
Bob,41,97789
Alice,58,93104
David,29,57571
Bob,32,117993
Charlie,37,115579
Charlie,60,68576
Charlie,28,96158
David,59,66437
Eva,49,59285
Charlie,60,112506
Charlie,59,103505
Eva,26,76406
Charlie,54,79184
Alice,41,60009
Eva,26,86614
David,43,93621
Eva,36,102086
David,60,109104
Charlie,28,69618
Charlie,55,105511
Bob,34,96134
Bob,33,116207
Charlie,56,52843
Bob,57,113054
Bob,41,102565
David,49,91435
Alice,47,56082
Alice,43,61894
Eva,52,101799
Eva,29,118008
David,59,117962
Charlie,26,70467
David,45,73757
Alice,53,95064
Eva,43,92115
Charlie,34,64785
Bob,33,97044
Alice,46,110800
Eva,56,42259
Eva,30,46862
Alice,46,48843
David,58,67620
Bob,57,54525
Bob,34,76360
Alice,29,84720
David,31,52554
Alice,36,68421
Alice,48,51257
Alice,47,56605
Charlie,39,98609
Bob,58,106236
Bob,34,44871
Charlie,36,64808
Eva,39,56331
Eva,31,84059
Bob,46,111011
Alice,45,116309
Alice,54,44040
Bob,36,88095
Eva,36,47747
Eva,53,92100
Bob,41,103204
Eva,36,85024
David,28,76726
Eva,50,88412
David,29,58558
Charlie,46,42290
David,35,73351
Eva,58,94073
Eva,38,94447
Charlie,58,67057
Alice,26,105510
Eva,33,104073
Alice,38,65095
Charlie,48,109241
David,25,57460
David,56,82241
David,60,90087
David,53,43144
Alice,44,57425
Eva,53,54668
Charlie,44,110805
Alice,47,114074
Bob,51,97033
Alice,57,107885
Eva,54,94356
Charlie,31,99994
Charlie,55,53062
Charlie,33,68646
David,45,84224
David,34,83674
Charlie,34,107824
Alice,39,45979
Eva,43,88745
David,43,66078
Bob,57,63834
Alice,58,64584
David,54,79428
David,56,91442
Eva,40,90158
Bob,37,119616
David,56,55218
Eva,50,93755
Alice,53,105336
Bob,32,89115
Charlie,58,53764
Alice,33,66998
Alice,50,86902
Eva,50,66893
Bob,40,98568
Charlie,37,84564
Charlie,47,45440
Eva,47,103224
Alice,47,101177
Alice,29,109793
Alice,44,65789
David,37,78429
Alice,42,63959
Alice,53,105004
David,38,89025
David,29,80097
David,26,70179
Charlie,30,48197
Eva,26,85829
Alice,56,81562
Alice,33,72119
Eva,56,47967
Eva,43,67839
Alice,54,72409
Eva,48,99741
David,60,95706
Eva,50,113733
Bob,46,111546
Charlie,43,95995
Alice,47,75888
Alice,46,83783
Bob,44,67824
David,59,95339
David,56,49707
Bob,25,115592
Eva,48,45626
Bob,32,70985
Bob,33,76681
Eva,51,81742
David,51,92860
David,29,100593
Alice,48,62995
Charlie,51,92260
Charlie,28,45195
Charlie,49,91108
Eva,58,41107
Charlie,57,60605
Charlie,47,74556
Eva,39,91540
Alice,37,78699
David,40,89561
Alice,28,91237
Bob,45,44221
Bob,48,45755
Charlie,44,49792
David,50,52614
Eva,44,115314
Bob,37,71053
Charlie,53,79818
Alice,40,118028
Charlie,46,70611
David,26,46879
Charlie,34,40944
David,57,108406
Alice,57,62247
Charlie,50,70861
Charlie,34,94834
Eva,43,102404
Charlie,44,47460
Charlie,49,66077
David,49,119229
Bob,33,50461
Alice,27,47410
Eva,41,119594
Bob,37,110115
Charlie,45,61191
Eva,29,68878
David,47,108739
David,25,74818
Eva,55,62483
Bob,55,90351
David,37,68907
Charlie,26,90735
Eva,41,105968
Charlie,52,107349
Charlie,52,96124
Bob,58,102927
Alice,54,44255
David,26,68447
Eva,44,73359
Charlie,49,57641
Charlie,40,42193
Bob,45,95644
Alice,28,52248
David,28,60224
Alice,57,114356
Alice,28,107326
Bob,43,48174
David,38,87224
Eva,57,116031
Alice,44,57561
Eva,55,89520
Alice,48,59705
Bob,59,95410
Eva,46,81929
David,58,105962
Bob,37,40231
Charlie,40,64791
David,50,74599
Alice,27,79029
Bob,35,71410
Bob,26,67817
Eva,52,96413
Bob,42,63933
Eva,44,74963
David,51,46015
Eva,38,47795
Charlie,41,47388
David,36,104301
Charlie,58,97688
Charlie,44,85026
Bob,58,84273
David,39,112140
Charlie,57,99522
David,48,57326
Alice,57,50038
David,35,103624
Alice,36,111012
Bob,36,102644
Bob,48,74128
Bob,49,91121
Charlie,43,61384
Charlie,54,100386
Bob,29,68598
Eva,31,114177
Bob,50,108269
Charlie,33,113282
David,44,117858
David,34,107455
Charlie,39,115427
Charlie,42,99085
Alice,28,78544
Alice,54,62822
Bob,51,102174
Charlie,38,96070
Alice,25,59304
Eva,25,57326
David,58,40501
Bob,48,68994
David,26,92394
Charlie,26,90056
David,31,48235
Eva,56,97985
Bob,45,92100
David,54,46637
Bob,36,76932
David,31,55015
David,34,85282
Alice,45,58154
Bob,57,68766
Alice,31,104569
Charlie,56,60282
David,42,60676
Charlie,30,105134
Alice,41,70327
Bob,57,107318
Charlie,59,114549
David,42,68046
David,41,105442
Eva,48,96634
David,41,51613
David,57,90853
Alice,57,94389
David,57,114510
Alice,45,58174
Bob,34,59979
Eva,31,73143
David,58,67307
David,45,63815
Eva,41,70777
Bob,44,47472
Charlie,47,84204
Charlie,50,41956
Eva,25,85829
Charlie,54,51836
Bob,59,82671
David,25,63925
David,54,108908
Eva,37,79789
Eva,46,63820
Bob,33,61948
Bob,46,55860
Charlie,57,96739
Bob,38,100740
Charlie,51,106448
Alice,36,74626
Alice,27,53532
Charlie,55,92894
Bob,32,47132
Alice,39,107614
Charlie,29,106663
David,56,73549
Charlie,43,67005
Alice,43,82887
Alice,37,56393
David,53,91586
Bob,37,77311
Alice,54,89372
Alice,30,48856
Alice,27,60146
David,44,53499
Eva,35,40970
Bob,45,85211
Charlie,26,48338
Eva,42,119209
Eva,60,81142
Eva,30,97863
Bob,34,57221
Charlie,42,79497
Alice,45,68817
Eva,32,71178
Alice,27,103839
Charlie,40,62348
Bob,44,76363
Bob,27,44870
Bob,42,71076
Alice,48,103348
Alice,41,64133
Bob,49,105025
Eva,28,99479
Charlie,45,116820
Eva,27,112232
David,43,92937
Bob,27,113459
Charlie,45,82274
Charlie,54,102450
Alice,32,113283
Eva,41,45769
David,34,95517
David,52,67202
Charlie,56,49945
Bob,33,40264
Bob,57,90669
Charlie,40,53112
Bob,30,100607
Eva,29,102512
Bob,33,59730
David,44,87017
Alice,41,84410
David,43,110349
Alice,39,66673
Alice,47,108525
Charlie,57,112504
Alice,40,74261
Eva,38,97894
Bob,51,40050
Charlie,36,56227
Alice,51,101335
Charlie,34,60690
Eva,31,77313
Eva,29,47926
David,53,109810
Alice,57,102290
Charlie,40,108006
Bob,49,84003
Charlie,34,89290
Eva,25,87840
Charlie,28,97036
David,41,86417
David,52,62752
Eva,29,64007
Charlie,45,63086
Eva,49,72217
Eva,59,109487
Eva,57,54719
Charlie,50,119636
Eva,43,62275
Bob,27,90232
Eva,29,115004
Bob,60,100893
Eva,33,112467
David,31,81063
Bob,47,50052
Charlie,35,74610
Alice,59,83622
Charlie,53,83856
Bob,51,111888
Charlie,56,73688
David,49,57356
Alice,44,83255
Alice,27,40808
Charlie,58,45262
Alice,31,106552
Charlie,37,57873
Bob,26,67586
David,38,64230
Alice,52,101170
Bob,32,119034
Alice,32,109685
David,38,80255
Alice,54,114755
Eva,37,115584
Alice,48,64365
David,55,115907
David,28,109311
Eva,54,45221
David,27,101817
David,36,88547
Alice,53,54489
Eva,58,61412
Eva,32,100659
Bob,26,98901
Eva,34,87393
Charlie,28,87754
Bob,25,70859
Alice,31,65141
Bob,42,40071
David,40,108346
Bob,48,64871
David,39,53013
Charlie,51,96259
Alice,37,62067
Eva,52,110326
Charlie,46,69903
Eva,36,114219
Alice,37,107009
Charlie,60,108542
Alice,45,97849
David,41,94115
Alice,40,85749
David,46,49497
Eva,45,47828
Eva,53,65426
Charlie,57,107427
Alice,43,70004
Alice,54,90837
Alice,34,78753
Eva,35,73871
Eva,34,75444
Eva,28,117413
Charlie,50,77851
Bob,28,55807
Eva,30,44421
Eva,43,108830
Alice,32,106616
Bob,45,60325
Eva,51,116630
Alice,25,77478
David,44,104792
Charlie,40,78670
Alice,57,50519
David,42,59862
Alice,35,68980
Charlie,49,57463
Charlie,41,64963
Bob,50,104801
Alice,41,78314
Eva,37,99046
Eva,35,68862
Bob,30,84474
David,55,110640
Eva,44,105616
Charlie,38,90194
David,52,94590
Bob,31,56961
Charlie,55,108851
Charlie,41,99954
David,47,53503
Charlie,36,68611
Eva,42,111874
Charlie,29,85359
Eva,45,94067
Eva,41,49547
Charlie,39,97536
Bob,59,44923
Eva,49,88745
David,28,43572
Eva,58,88234
Eva,37,63284
Eva,40,91571
Bob,59,54382
Eva,32,117927
David,37,58483
Bob,32,50139
Alice,46,111559
Alice,27,76094
Alice,35,107469
Bob,53,61297
Alice,42,116745
Charlie,42,42350
Bob,48,115471
Charlie,57,67622
David,55,73411
David,42,80824
Alice,37,47655
Bob,60,107312
Charlie,36,91613
Alice,34,87315
Alice,37,59765
Eva,53,118608
Bob,51,72377
Alice,46,110754
Charlie,49,83267
Charlie,46,91165
Bob,31,113178
Eva,38,66589
Bob,60,45981
Charlie,28,69334
Alice,47,111560
